source,target,weight
40ka.info,pravda.com.ua,20
40ka.info,radiosvoboda.org,12
agrimpasa.com,112.ua,28
agrimpasa.com,24tv.ua,9
agrimpasa.com,apostrophe.ua,188
agrimpasa.com,censor.net.ua,12
agrimpasa.com,dialog.ua,104
agrimpasa.com,facenews.ua,16
agrimpasa.com,glavcom.ua,6
agrimpasa.com,gordonua.com,15
agrimpasa.com,hromadske.ua,9
agrimpasa.com,inforesist.org,39
agrimpasa.com,interfax.com.ua,19
agrimpasa.com,korrespondent.net,31
agrimpasa.com,liga.net,21
agrimpasa.com,newsone.ua,10
agrimpasa.com,nv.ua,7
agrimpasa.com,obozrevatel.com,89
agrimpasa.com,politeka.net,14
agrimpasa.com,pravda.com.ua,62
agrimpasa.com,radiosvoboda.org,7
agrimpasa.com,rbc.ua,59
agrimpasa.com,replyua.net,14
agrimpasa.com,segodnya.ua,40
agrimpasa.com,slovoidilo.ua,16
agrimpasa.com,strana.ua,12
agrimpasa.com,tsn.ua,22
agrimpasa.com,ubr.ua,16
agrimpasa.com,ukranews.com,16
agrimpasa.com,unian.ua,30
agrimpasa.com,unn.com.ua,20
agrimpasa.com,znaj.ua,11
akcent,censor.net.ua,12
akcent,korupciya.com,1061
akcent,liga.net,19
akcent,obozrevatel.com,58
akcent,patrioty.org.ua,37
akcent,politeka.net,63
akcent,pravda.com.ua,38
akcent,replyua.net,34
akcent,tsn.ua,7
akcent,uapress.info,73
akcent,vesti-ua.net,72
akcent,znaj.ua,5
alternatio.org,112.ua,30
alternatio.org,antifashist.com,6
alternatio.org,gordonua.com,9
alternatio.org,interfax.com.ua,13
alternatio.org,interfax.ru,12
alternatio.org,korrespondent.net,12
alternatio.org,nahnews.org,17
alternatio.org,newsone.ua,40
alternatio.org,obozrevatel.com,37
alternatio.org,politnavigator.net,5
alternatio.org,pravda.com.ua,28
alternatio.org,rbc.ua,8
alternatio.org,ria.ru,281
alternatio.org,riafan.ru,9
alternatio.org,rt.com,88
alternatio.org,rusnext.ru,30
alternatio.org,segodnya.ua,5
alternatio.org,strana.ua,30
alternatio.org,tass.ru,20
alternatio.org,ukraina.ru,23
alternatio.org,ukranews.com,14
alternatio.org,unian.ua,9
alternatio.org,unn.com.ua,6
alternatio.org,vesti-ukr.com,9
antifashist.com,112.ua,5
antifashist.com,interfax.com.ua,13
antifashist.com,interfax.ru,10
antifashist.com,lug-info.com,9
antifashist.com,obozrevatel.com,6
antifashist.com,politnavigator.net,10
antifashist.com,pravda.com.ua,11
antifashist.com,ria.ru,24
antifashist.com,riafan.ru,5
antifashist.com,rt.com,7
antifashist.com,strana.ua,8
antifashist.com,tass.ru,12
antifashist.com,ukraina.ru,10
antifashist.com,vesti-ukr.com,5
antikor.com.ua,112.ua,78
antikor.com.ua,24tv.ua,34
antikor.com.ua,apostrophe.ua,49
antikor.com.ua,bihus.info,33
antikor.com.ua,censor.net.ua,123
antikor.com.ua,dsnews.ua,39
antikor.com.ua,elise.com.ua,7
antikor.com.ua,facenews.ua,49
antikor.com.ua,from-ua.com,33
antikor.com.ua,gazeta.ua,21
antikor.com.ua,glavcom.ua,23
antikor.com.ua,golos.ua,28
antikor.com.ua,gordonua.com,42
antikor.com.ua,hromadske.ua,38
antikor.com.ua,iamir.info,34
antikor.com.ua,inforesist.org,153
antikor.com.ua,interfax.com.ua,34
antikor.com.ua,korrespondent.net,12
antikor.com.ua,kp.ua,29
antikor.com.ua,lb.ua,54
antikor.com.ua,lenta.ru,5
antikor.com.ua,liga.net,41
antikor.com.ua,nashigroshi.org,53
antikor.com.ua,newsone.ua,36
antikor.com.ua,nv.ua,36
antikor.com.ua,obozrevatel.com,120
antikor.com.ua,oligarh.media,145
antikor.com.ua,politeka.net,30
antikor.com.ua,pravda.com.ua,182
antikor.com.ua,radiosvoboda.org,71
antikor.com.ua,rbc.ua,37
antikor.com.ua,ria.ru,12
antikor.com.ua,segodnya.ua,104
antikor.com.ua,skelet-info.org,77
antikor.com.ua,slovoidilo.ua,23
antikor.com.ua,strana.ua,73
antikor.com.ua,tass.ru,9
antikor.com.ua,tsn.ua,34
antikor.com.ua,ubr.ua,22
antikor.com.ua,ukranews.com,46
antikor.com.ua,unian.ua,27
antikor.com.ua,unn.com.ua,26
antikor.com.ua,vesti-ukr.com,95
antikor.com.ua,zik.ua,18
antikor.com.ua,zn.ua,65
antikor.com.ua,znaj.ua,10
bbc-ccnn,112.ua,40
bbc-ccnn,24tv.ua,67
bbc-ccnn,antikor.com.ua,2205
bbc-ccnn,apostrophe.ua,109
bbc-ccnn,censor.net.ua,44
bbc-ccnn,dialog.ua,12
bbc-ccnn,dsnews.ua,9
bbc-ccnn,elise.com.ua,147
bbc-ccnn,facenews.ua,15
bbc-ccnn,from-ua.com,663
bbc-ccnn,gazeta.ua,18
bbc-ccnn,glavcom.ua,9
bbc-ccnn,golos.ua,7
bbc-ccnn,gordonua.com,42
bbc-ccnn,goruzont.blogspot.com,26
bbc-ccnn,hromadske.ua,15
bbc-ccnn,iamir.info,14
bbc-ccnn,inforesist.org,18
bbc-ccnn,interfax.com.ua,46
bbc-ccnn,korrespondent.net,144
bbc-ccnn,korupciya.com,178
bbc-ccnn,lb.ua,18
bbc-ccnn,liga.net,35
bbc-ccnn,nashigroshi.org,5
bbc-ccnn,newsone.ua,16
bbc-ccnn,nv.ua,72
bbc-ccnn,obozrevatel.com,187
bbc-ccnn,oligarh.media,21
bbc-ccnn,patrioty.org.ua,711
bbc-ccnn,politeka.net,122
bbc-ccnn,pravda.com.ua,149
bbc-ccnn,prefiks.win,9
bbc-ccnn,radiosvoboda.org,37
bbc-ccnn,rbc.ua,46
bbc-ccnn,replyua.net,126
bbc-ccnn,repost.net.ua,8
bbc-ccnn,ria.ru,17
bbc-ccnn,segodnya.ua,100
bbc-ccnn,skelet-info.org,6
bbc-ccnn,slovoidilo.ua,6
bbc-ccnn,sprotyv.info,119
bbc-ccnn,strana.ua,60
bbc-ccnn,tsn.ua,23
bbc-ccnn,ua24ua.net,10
bbc-ccnn,ubr.ua,9
bbc-ccnn,ukranews.com,33
bbc-ccnn,unian.ua,56
bbc-ccnn,unn.com.ua,95
bbc-ccnn,vesti-ua.net,34
bbc-ccnn,vesti-ukr.com,25
bbc-ccnn,zik.ua,8
bbc-ccnn,zn.ua,21
bbc-ccnn,znaj.ua,136
censoru.net,interfax.ru,6
censoru.net,tass.ru,5
comitet.su,112.ua,13
comitet.su,24tv.ua,5
comitet.su,antifashist.com,159
comitet.su,bihus.info,5
comitet.su,golos.ua,8
comitet.su,gordonua.com,5
comitet.su,hromadske.ua,6
comitet.su,interfax.com.ua,20
comitet.su,interfax.ru,9
comitet.su,korrespondent.net,28
comitet.su,lb.ua,5
comitet.su,liga.net,7
comitet.su,lug-info.com,8
comitet.su,nahnews.org,8
comitet.su,newsone.ua,32
comitet.su,obozrevatel.com,18
comitet.su,politnavigator.net,35
comitet.su,pravda.com.ua,24
comitet.su,rbc.ua,8
comitet.su,ria.ru,43
comitet.su,riafan.ru,34
comitet.su,rian.com.ua,12
comitet.su,rt.com,15
comitet.su,rusvesna.su,5
comitet.su,segodnya.ua,7
comitet.su,strana.ua,59
comitet.su,tass.ru,24
comitet.su,tsn.ua,6
comitet.su,ukraina.ru,39
comitet.su,ukranews.com,10
comitet.su,unian.ua,10
comitet.su,unn.com.ua,9
comitet.su,vesti-ukr.com,21
comitet.su,zik.ua,9
comitet.su,zn.ua,7
crisis.in.ua,112.ua,5
crisis.in.ua,antikor.com.ua,5
crisis.in.ua,apostrophe.ua,6
crisis.in.ua,dialog.ua,16
crisis.in.ua,from-ua.com,33
crisis.in.ua,gazeta.ua,11
crisis.in.ua,gordonua.com,8
crisis.in.ua,liga.net,5
crisis.in.ua,obozrevatel.com,32
crisis.in.ua,patrioty.org.ua,17
crisis.in.ua,politeka.net,95
crisis.in.ua,pravda.com.ua,20
crisis.in.ua,replyua.net,19
crisis.in.ua,segodnya.ua,10
crisis.in.ua,tsn.ua,7
crisis.in.ua,ukranews.com,9
crisis.in.ua,unian.ua,8
crisis.in.ua,vesti-ua.net,12
crisis.in.ua,vesti-ukr.com,9
crisis.in.ua,znaj.ua,97
de-facto.cc,antikor.com.ua,7
de-facto.cc,dialog.ua,5
de-facto.cc,elise.com.ua,32
de-facto.cc,gordonua.com,7
de-facto.cc,iamir.info,5
de-facto.cc,korupciya.com,32
de-facto.cc,liga.net,5
de-facto.cc,obozrevatel.com,24
de-facto.cc,politeka.net,11
de-facto.cc,rbc.ua,5
de-facto.cc,replyua.net,7
de-facto.cc,strana.ua,17
de-facto.cc,tsn.ua,6
de-facto.cc,unian.ua,5
dialog.ua,112.ua,23
dialog.ua,24tv.ua,39
dialog.ua,apostrophe.ua,126
dialog.ua,censor.net.ua,11
dialog.ua,gazeta.ua,5
dialog.ua,glavcom.ua,5
dialog.ua,gordonua.com,11
dialog.ua,hromadske.ua,25
dialog.ua,inforesist.org,6
dialog.ua,interfax.com.ua,25
dialog.ua,interfax.ru,10
dialog.ua,kp.ua,9
dialog.ua,lb.ua,13
dialog.ua,liga.net,30
dialog.ua,nv.ua,24
dialog.ua,obozrevatel.com,113
dialog.ua,politeka.net,18
dialog.ua,pravda.com.ua,63
dialog.ua,radiosvoboda.org,25
dialog.ua,rbc.ua,10
dialog.ua,ria.ru,12
dialog.ua,rt.com,6
dialog.ua,segodnya.ua,27
dialog.ua,sprotyv.info,10
dialog.ua,strana.ua,7
dialog.ua,tass.ru,11
dialog.ua,tsn.ua,20
dialog.ua,ukranews.com,10
dialog.ua,unian.ua,29
dialog.ua,unn.com.ua,7
dialog.ua,zn.ua,11
economistua.com,interfax.com.ua,5
economistua.com,pravda.com.ua,8
economistua.com,radiosvoboda.org,7
economistua.com,tass.ru,9
economistua.com,ukranews.com,5
economistua.com,unian.ua,9
economistua.com,unn.com.ua,18
elise.com.ua,112.ua,50
elise.com.ua,24tv.ua,29
elise.com.ua,apostrophe.ua,87
elise.com.ua,bihus.info,13
elise.com.ua,censor.net.ua,26
elise.com.ua,facenews.ua,7
elise.com.ua,from-ua.com,5
elise.com.ua,gazeta.ua,10
elise.com.ua,glavcom.ua,7
elise.com.ua,golos.ua,7
elise.com.ua,gordonua.com,83
elise.com.ua,hromadske.ua,29
elise.com.ua,iamir.info,7
elise.com.ua,inforesist.org,19
elise.com.ua,interfax.com.ua,104
elise.com.ua,interfax.ru,19
elise.com.ua,korrespondent.net,11
elise.com.ua,lb.ua,22
elise.com.ua,liga.net,42
elise.com.ua,nashigroshi.org,15
elise.com.ua,newsone.ua,25
elise.com.ua,nv.ua,43
elise.com.ua,obozrevatel.com,77
elise.com.ua,politeka.net,16
elise.com.ua,pravda.com.ua,204
elise.com.ua,radiosvoboda.org,49
elise.com.ua,rbc.ua,26
elise.com.ua,replyua.net,8
elise.com.ua,ria.ru,38
elise.com.ua,rt.com,6
elise.com.ua,segodnya.ua,48
elise.com.ua,slovoidilo.ua,25
elise.com.ua,strana.ua,102
elise.com.ua,tass.ru,17
elise.com.ua,tsn.ua,38
elise.com.ua,ubr.ua,11
elise.com.ua,ukranews.com,112
elise.com.ua,unian.ua,60
elise.com.ua,unn.com.ua,35
elise.com.ua,vesti-ukr.com,49
elise.com.ua,zik.ua,30
elise.com.ua,zn.ua,38
finoboz.net,replyua.net,237
from-ua.com,112.ua,327
from-ua.com,24tv.ua,50
from-ua.com,antikor.com.ua,52
from-ua.com,apostrophe.ua,482
from-ua.com,censor.net.ua,32
from-ua.com,dialog.ua,13
from-ua.com,dsnews.ua,14
from-ua.com,facenews.ua,44
from-ua.com,gazeta.ua,23
from-ua.com,glavcom.ua,20
from-ua.com,golos.ua,71
from-ua.com,gordonua.com,198
from-ua.com,hromadske.ua,12
from-ua.com,inforesist.org,9
from-ua.com,interfax.com.ua,293
from-ua.com,interfax.ru,12
from-ua.com,korrespondent.net,528
from-ua.com,kp.ua,40
from-ua.com,lb.ua,27
from-ua.com,lenta.ru,11
from-ua.com,liga.net,100
from-ua.com,nashigroshi.org,14
from-ua.com,newsone.ua,69
from-ua.com,nv.ua,229
from-ua.com,obozrevatel.com,835
from-ua.com,oligarh.media,6
from-ua.com,politeka.net,434
from-ua.com,pravda.com.ua,899
from-ua.com,radiosvoboda.org,55
from-ua.com,rbc.ua,44
from-ua.com,replyua.net,427
from-ua.com,ria.ru,180
from-ua.com,rian.com.ua,9
from-ua.com,segodnya.ua,397
from-ua.com,skelet-info.org,6
from-ua.com,slovoidilo.ua,39
from-ua.com,sprotyv.info,16
from-ua.com,strana.ua,70
from-ua.com,tass.ru,13
from-ua.com,tsn.ua,62
from-ua.com,ubr.ua,28
from-ua.com,ukranews.com,116
from-ua.com,unian.ua,531
from-ua.com,unn.com.ua,752
from-ua.com,vesti-ua.net,72
from-ua.com,vesti-ukr.com,133
from-ua.com,zik.ua,13
from-ua.com,zn.ua,87
from-ua.com,znaj.ua,283
glavk.info,112.ua,29
glavk.info,24tv.ua,21
glavk.info,antikor.com.ua,53
glavk.info,apostrophe.ua,20
glavk.info,bihus.info,40
glavk.info,censor.net.ua,48
glavk.info,dsnews.ua,15
glavk.info,elise.com.ua,10
glavk.info,facenews.ua,29
glavk.info,from-ua.com,15
glavk.info,gazeta.ua,13
glavk.info,glavcom.ua,10
glavk.info,golos.ua,11
glavk.info,gordonua.com,16
glavk.info,hromadske.ua,18
glavk.info,iamir.info,72
glavk.info,inforesist.org,63
glavk.info,interfax.com.ua,20
glavk.info,interfax.ru,10
glavk.info,kompromat1.org,5
glavk.info,korrespondent.net,11
glavk.info,kp.ua,12
glavk.info,lb.ua,28
glavk.info,lenta.ru,5
glavk.info,liga.net,38
glavk.info,nashigroshi.org,48
glavk.info,newsone.ua,6
glavk.info,nv.ua,14
glavk.info,obozrevatel.com,82
glavk.info,oligarh.media,182
glavk.info,politeka.net,34
glavk.info,pravda.com.ua,139
glavk.info,radiosvoboda.org,33
glavk.info,rbc.ua,21
glavk.info,ria.ru,21
glavk.info,segodnya.ua,22
glavk.info,skelet-info.org,69
glavk.info,slovoidilo.ua,24
glavk.info,strana.ua,92
glavk.info,tass.ru,7
glavk.info,tsn.ua,44
glavk.info,ubr.ua,13
glavk.info,ukranews.com,58
glavk.info,unian.ua,17
glavk.info,unn.com.ua,37
glavk.info,vesti-ukr.com,69
glavk.info,zik.ua,6
glavk.info,zn.ua,23
goruzont.blogspot.com,24tv.ua,8
goruzont.blogspot.com,agrimpasa.com,94
goruzont.blogspot.com,antikor.com.ua,59
goruzont.blogspot.com,apostrophe.ua,7
goruzont.blogspot.com,bbc-ccnn,224
goruzont.blogspot.com,censor.net.ua,10
goruzont.blogspot.com,dialog.ua,321
goruzont.blogspot.com,from-ua.com,5
goruzont.blogspot.com,gordonua.com,8
goruzont.blogspot.com,inforesist.org,5
goruzont.blogspot.com,korupciya.com,482
goruzont.blogspot.com,life-invest.pp.ua,7
goruzont.blogspot.com,lisovasotnya,22
goruzont.blogspot.com,nv.ua,154
goruzont.blogspot.com,obozrevatel.com,75
goruzont.blogspot.com,patrioty.org.ua,45
goruzont.blogspot.com,politeka.net,42
goruzont.blogspot.com,pravda.com.ua,10
goruzont.blogspot.com,prefiks.win,157
goruzont.blogspot.com,prefiksblog.co.ua,17
goruzont.blogspot.com,proua.com.ua,31
goruzont.blogspot.com,replyua.net,272
goruzont.blogspot.com,segodnya.ua,46
goruzont.blogspot.com,slovech.co,110
goruzont.blogspot.com,tsn.ua,20
goruzont.blogspot.com,uapress.info,44
goruzont.blogspot.com,ukranews.com,18
goruzont.blogspot.com,varota.com.ua,12
goruzont.blogspot.com,vesti-ua.net,81
goruzont.blogspot.com,xn--j1aidcn.org,8
goruzont.blogspot.com,zik.ua,81
goruzont.blogspot.com,znaj.ua,25
goruzont.blogspot.com,zv24.info,12
iamir.info,112.ua,24
iamir.info,24tv.ua,33
iamir.info,apostrophe.ua,17
iamir.info,bihus.info,8
iamir.info,censor.net.ua,18
iamir.info,elise.com.ua,12
iamir.info,gazeta.ua,20
iamir.info,glavcom.ua,10
iamir.info,golos.ua,55
iamir.info,gordonua.com,19
iamir.info,hromadske.ua,13
iamir.info,interfax.com.ua,22
iamir.info,korrespondent.net,15
iamir.info,kp.ua,7
iamir.info,lb.ua,2867
iamir.info,liga.net,10
iamir.info,nashigroshi.org,10
iamir.info,newsone.ua,62
iamir.info,nv.ua,16
iamir.info,obozrevatel.com,23
iamir.info,politeka.net,23
iamir.info,politnavigator.net,21
iamir.info,pravda.com.ua,236
iamir.info,radiosvoboda.org,21
iamir.info,rbc.ua,10
iamir.info,replyua.net,10
iamir.info,slovoidilo.ua,5
iamir.info,strana.ua,330
iamir.info,tsn.ua,25
iamir.info,ukranews.com,153
iamir.info,unian.ua,16
iamir.info,unn.com.ua,27
iamir.info,vesti-ukr.com,12
iamir.info,zik.ua,25
iamir.info,zn.ua,14
iamir.info,znaj.ua,8
infa.ua,24tv.ua,9
infa.ua,apostrophe.ua,7
infa.ua,bihus.info,9
infa.ua,censor.net.ua,8
infa.ua,hromadske.ua,17
infa.ua,interfax.com.ua,27
infa.ua,interfax.ru,8
infa.ua,lb.ua,10
infa.ua,liga.net,14
infa.ua,nashigroshi.org,7
infa.ua,nv.ua,8
infa.ua,obozrevatel.com,5
infa.ua,pravda.com.ua,118
infa.ua,radiosvoboda.org,19
infa.ua,rbc.ua,6
infa.ua,slovoidilo.ua,18
infa.ua,strana.ua,7
infa.ua,tsn.ua,16
infa.ua,ukranews.com,36
infa.ua,unian.ua,23
infa.ua,zn.ua,11
infokava.com,112.ua,7
infokava.com,24tv.ua,9
infokava.com,dialog.ua,15
infokava.com,gordonua.com,5
infokava.com,hromadske.ua,9
infokava.com,liga.net,6
infokava.com,nv.ua,21
infokava.com,obozrevatel.com,9
infokava.com,politeka.net,12
infokava.com,pravda.com.ua,30
infokava.com,radiosvoboda.org,7
infokava.com,segodnya.ua,6
infokava.com,tsn.ua,19
infokava.com,unian.ua,13
infokava.com,zik.ua,6
infokava.com,zn.ua,33
inforeactor.ru,gazeta.ru,175
inforeactor.ru,ria.ru,52
inforeactor.ru,riafan.ru,207
inforeactor.ru,rt.com,292
inforeactor.ru,tass.ru,13
inforesist.org,liga.net,33
inforesist.org,nv.ua,29
inforesist.org,unian.ua,53
kompromat1.info,iamir.info,8
kompromat1.info,inforesist.org,10
kompromat1.info,kompromat1.net,296
kompromat1.info,obozrevatel.com,8
kompromat1.info,oligarh.media,26
kompromat1.info,pravda.com.ua,11
kompromat1.info,strana.ua,5
kompromat1.net,antikor.com.ua,9
kompromat1.net,bihus.info,7
kompromat1.net,censor.net.ua,5
kompromat1.net,dsnews.ua,5
kompromat1.net,obozrevatel.com,12
kompromat1.net,oligarh.media,12
kompromat1.net,politeka.net,5
kompromat1.net,pravda.com.ua,10
kompromat1.net,radiosvoboda.org,7
kompromat1.net,skelet-info.org,9
kompromat1.net,strana.ua,17
kompromat1.net,ukranews.com,9
kompromat1.org,kompromat1.net,821
kompromat1.org,lb.ua,7
kompromat1.org,obozrevatel.com,9
kompromat1.org,oligarh.media,17
kompromat1.org,pravda.com.ua,14
kompromat1.org,skelet-info.org,11
kompromat1.org,strana.ua,6
kompromat1.org,ukranews.com,6
korupciya.com,obozrevatel.com,9
korupciya.com,politeka.net,5
life-invest.pp.ua,antikor.com.ua,255
life-invest.pp.ua,censor.net.ua,42
life-invest.pp.ua,korupciya.com,31
life-invest.pp.ua,kp.ua,6
life-invest.pp.ua,obozrevatel.com,26
life-invest.pp.ua,patrioty.org.ua,19
life-invest.pp.ua,politeka.net,15
life-invest.pp.ua,pravda.com.ua,6
life-invest.pp.ua,segodnya.ua,5
life-invest.pp.ua,strana.ua,5
life-invest.pp.ua,unian.ua,9
life-invest.pp.ua,vesti-ua.net,151
lisovasotnya,24tv.ua,12
lisovasotnya,antikor.com.ua,7
lisovasotnya,apostrophe.ua,14
lisovasotnya,bbc-ccnn,54
lisovasotnya,dialog.ua,14
lisovasotnya,elise.com.ua,7
lisovasotnya,from-ua.com,307
lisovasotnya,gazeta.ua,5
lisovasotnya,golos.ua,7
lisovasotnya,gordonua.com,5
lisovasotnya,korrespondent.net,14
lisovasotnya,korupciya.com,31
lisovasotnya,liga.net,6
lisovasotnya,obozrevatel.com,25
lisovasotnya,patrioty.org.ua,134
lisovasotnya,politeka.net,41
lisovasotnya,pravda.com.ua,25
lisovasotnya,prefiks.win,21
lisovasotnya,replyua.net,28
lisovasotnya,segodnya.ua,17
lisovasotnya,tsn.ua,11
lisovasotnya,unian.ua,11
lisovasotnya,unn.com.ua,5
lisovasotnya,vesti-ua.net,41
lisovasotnya,vesti-ukr.com,5
lisovasotnya,znaj.ua,18
mediapuls.ru,rusnext.ru,1018
mediapuls.ru,rusvesna.su,1283
nahnews.org,alternatio.org,39
nahnews.org,lug-info.com,5
nahnews.org,newsone.ua,5
nahnews.org,obozrevatel.com,5
nahnews.org,politnavigator.net,8
nahnews.org,ria.ru,42
nahnews.org,riafan.ru,61
nahnews.org,rian.com.ua,9
nahnews.org,rt.com,12
nahnews.org,strana.ua,10
nahnews.org,tass.ru,5
nahnews.org,ukraina.ru,15
naspravdi.info,112.ua,77
naspravdi.info,24tv.ua,16
naspravdi.info,alternatio.org,33
naspravdi.info,antifashist.com,31
naspravdi.info,antikor.com.ua,17
naspravdi.info,apostrophe.ua,16
naspravdi.info,censor.net.ua,8
naspravdi.info,dialog.ua,25
naspravdi.info,dsnews.ua,9
naspravdi.info,facenews.ua,6
naspravdi.info,gazeta.ru,18
naspravdi.info,gazeta.ua,8
naspravdi.info,glavcom.ua,10
naspravdi.info,golos.ua,20
naspravdi.info,gordonua.com,21
naspravdi.info,hromadske.ua,9
naspravdi.info,iamir.info,6
naspravdi.info,interfax.com.ua,49
naspravdi.info,interfax.ru,17
naspravdi.info,korrespondent.net,73
naspravdi.info,kp.ua,6
naspravdi.info,lb.ua,11
naspravdi.info,lenta.ru,86
naspravdi.info,liga.net,21
naspravdi.info,lug-info.com,13
naspravdi.info,nahnews.org,23
naspravdi.info,news-front.info,18
naspravdi.info,news24ua.com,9
naspravdi.info,newsone.ua,19
naspravdi.info,nv.ua,24
naspravdi.info,obozrevatel.com,46
naspravdi.info,politeka.net,12
naspravdi.info,politnavigator.net,47
naspravdi.info,politobzor.net,40
naspravdi.info,pravda.com.ua,85
naspravdi.info,radiosvoboda.org,21
naspravdi.info,rbc.ua,11
naspravdi.info,replyua.net,15
naspravdi.info,ria.ru,321
naspravdi.info,riafan.ru,63
naspravdi.info,rian.com.ua,172
naspravdi.info,rt.com,122
naspravdi.info,rusnext.ru,75
naspravdi.info,segodnya.ua,43
naspravdi.info,slovoidilo.ua,6
naspravdi.info,strana.ua,495
naspravdi.info,tass.ru,71
naspravdi.info,tsn.ua,24
naspravdi.info,ubr.ua,46
naspravdi.info,ukraina.ru,120
naspravdi.info,ukranews.com,40
naspravdi.info,unian.ua,77
naspravdi.info,unn.com.ua,18
naspravdi.info,vesti-ua.net,6
naspravdi.info,vesti-ukr.com,319
naspravdi.info,zik.ua,18
naspravdi.info,zn.ua,34
naspravdi.info,znaj.ua,7
news-front.info,alternatio.org,46
news-front.info,antifashist.com,48
news-front.info,gazeta.ru,7
news-front.info,interfax.com.ua,8
news-front.info,interfax.ru,19
news-front.info,korrespondent.net,24
news-front.info,lenta.ru,6
news-front.info,lug-info.com,12
news-front.info,politnavigator.net,32
news-front.info,replyua.net,5
news-front.info,ria.ru,381
news-front.info,riafan.ru,16
news-front.info,rian.com.ua,78
news-front.info,rt.com,239
news-front.info,rusvesna.su,51
news-front.info,strana.ua,26
news-front.info,tass.ru,106
news-front.info,ukraina.ru,73
news-front.info,unian.ua,5
news-front.info,vesti-ukr.com,22
news24ua.com,112.ua,72
news24ua.com,apostrophe.ua,5
news24ua.com,censor.net.ua,7
news24ua.com,gordonua.com,22
news24ua.com,hromadske.ua,13
news24ua.com,inforesist.org,5
news24ua.com,interfax.com.ua,53
news24ua.com,interfax.ru,17
news24ua.com,korrespondent.net,5
news24ua.com,lb.ua,6
news24ua.com,liga.net,7
news24ua.com,newsone.ua,41
news24ua.com,obozrevatel.com,12
news24ua.com,pravda.com.ua,57
news24ua.com,radiosvoboda.org,20
news24ua.com,rbc.ua,10
news24ua.com,ria.ru,61
news24ua.com,rian.com.ua,32
news24ua.com,rt.com,6
news24ua.com,segodnya.ua,7
news24ua.com,strana.ua,88
news24ua.com,tass.ru,32
news24ua.com,tsn.ua,19
news24ua.com,ukraina.ru,8
news24ua.com,ukranews.com,31
news24ua.com,unian.ua,19
news24ua.com,unn.com.ua,14
news24ua.com,vesti-ukr.com,20
news24ua.com,zik.ua,13
newsname.info,agrimpasa.com,10
newsname.info,antikor.com.ua,22
newsname.info,apostrophe.ua,18
newsname.info,bbc-ccnn,6
newsname.info,censor.net.ua,12
newsname.info,dialog.ua,28
newsname.info,elise.com.ua,22
newsname.info,from-ua.com,10
newsname.info,golos.ua,5
newsname.info,inforesist.org,7
newsname.info,korupciya.com,65
newsname.info,lb.ua,5
newsname.info,obozrevatel.com,56
newsname.info,patrioty.org.ua,16
newsname.info,politeka.net,43
newsname.info,pravda.com.ua,9
newsname.info,prefiks.win,14
newsname.info,prefiksblog.co.ua,10
newsname.info,replyua.net,27
newsname.info,segodnya.ua,12
newsname.info,strana.ua,11
newsname.info,tsn.ua,5
newsname.info,vesti-ua.net,6
newsname.info,znaj.ua,19
newsname.info,zv.biz.ua,7
nk.org.ua,112.ua,184
nk.org.ua,24tv.ua,108
nk.org.ua,alternatio.org,121
nk.org.ua,antifashist.com,192
nk.org.ua,antikor.com.ua,19
nk.org.ua,apostrophe.ua,97
nk.org.ua,bihus.info,12
nk.org.ua,censor.net.ua,115
nk.org.ua,dialog.ua,5
nk.org.ua,dsnews.ua,16
nk.org.ua,economistua.com,22
nk.org.ua,elise.com.ua,10
nk.org.ua,facenews.ua,83
nk.org.ua,from-ua.com,36
nk.org.ua,gazeta.ru,8
nk.org.ua,gazeta.ua,121
nk.org.ua,glavcom.ua,136
nk.org.ua,golos.ua,615
nk.org.ua,gordonua.com,108
nk.org.ua,hromadske.ua,68
nk.org.ua,infa.ua,6
nk.org.ua,inforesist.org,6
nk.org.ua,interfax.com.ua,232
nk.org.ua,interfax.ru,29
nk.org.ua,korrespondent.net,601
nk.org.ua,kp.ua,9
nk.org.ua,lb.ua,57
nk.org.ua,lenta.ru,12
nk.org.ua,liga.net,101
nk.org.ua,lug-info.com,5
nk.org.ua,nahnews.org,27
nk.org.ua,nashigroshi.org,20
nk.org.ua,naspravdi.info,8
nk.org.ua,news-front.info,26
nk.org.ua,news24ua.com,5
nk.org.ua,newsone.ua,91
nk.org.ua,nv.ua,116
nk.org.ua,obozrevatel.com,65
nk.org.ua,oligarh.media,18
nk.org.ua,politeka.net,198
nk.org.ua,politnavigator.net,126
nk.org.ua,pravda.com.ua,280
nk.org.ua,prportal.com.ua,9
nk.org.ua,radiosvoboda.org,75
nk.org.ua,rbc.ua,264
nk.org.ua,replyua.net,6
nk.org.ua,ria.ru,919
nk.org.ua,riafan.ru,47
nk.org.ua,rian.com.ua,271
nk.org.ua,rt.com,254
nk.org.ua,rusvesna.su,7
nk.org.ua,segodnya.ua,263
nk.org.ua,slovoidilo.ua,133
nk.org.ua,strana.ua,924
nk.org.ua,tass.ru,231
nk.org.ua,tsn.ua,87
nk.org.ua,ubr.ua,28
nk.org.ua,ukraina.ru,337
nk.org.ua,ukranews.com,166
nk.org.ua,unian.ua,190
nk.org.ua,unn.com.ua,253
nk.org.ua,vesti-ukr.com,75
nk.org.ua,xn--j1aidcn.org,20
nk.org.ua,zik.ua,81
nk.org.ua,zn.ua,134
nk.org.ua,znaj.ua,145
patrioty.org.ua,112.ua,31
patrioty.org.ua,24tv.ua,52
patrioty.org.ua,apostrophe.ua,41
patrioty.org.ua,bihus.info,6
patrioty.org.ua,censor.net.ua,17
patrioty.org.ua,dsnews.ua,8
patrioty.org.ua,gazeta.ua,24
patrioty.org.ua,glavcom.ua,13
patrioty.org.ua,gordonua.com,27
patrioty.org.ua,hromadske.ua,12
patrioty.org.ua,inforesist.org,16
patrioty.org.ua,interfax.com.ua,29
patrioty.org.ua,lb.ua,10
patrioty.org.ua,liga.net,16
patrioty.org.ua,newsone.ua,6
patrioty.org.ua,nv.ua,18
patrioty.org.ua,obozrevatel.com,70
patrioty.org.ua,politeka.net,21
patrioty.org.ua,pravda.com.ua,91
patrioty.org.ua,radiosvoboda.org,45
patrioty.org.ua,rbc.ua,8
patrioty.org.ua,sprotyv.info,9
patrioty.org.ua,strana.ua,7
patrioty.org.ua,tsn.ua,41
patrioty.org.ua,ubr.ua,5
patrioty.org.ua,ukranews.com,10
patrioty.org.ua,unian.ua,27
patrioty.org.ua,unn.com.ua,6
patrioty.org.ua,zik.ua,9
patrioty.org.ua,zn.ua,15
politcentr.ru,alternatio.org,247
politcentr.ru,antifashist.com,371
politcentr.ru,interfax.ru,12
politcentr.ru,news-front.info,134
politcentr.ru,politnavigator.net,1433
politcentr.ru,ria.ru,842
politcentr.ru,rian.com.ua,29
politcentr.ru,rt.com,66
politcentr.ru,rusnext.ru,245
politcentr.ru,rusvesna.su,791
politcentr.ru,tass.ru,14
politcentr.ru,ukraina.ru,149
politikan.net,antikor.com.ua,25
politikan.net,elise.com.ua,14
politikan.net,politeka.net,9
politikan.net,pravda.com.ua,5
politikan.net,ua24ua.net,6
politnavigator.net,bihus.info,5
politnavigator.net,radiosvoboda.org,5
politnavigator.net,ria.ru,8
politnavigator.net,riafan.ru,7
politnavigator.net,rian.com.ua,5
politnavigator.net,strana.ua,53
politnavigator.net,tass.ru,9
politnavigator.net,ukranews.com,14
politnavigator.net,unn.com.ua,5
politnews.net,korrespondent.net,330
politolog.net,112.ua,8
politolog.net,apostrophe.ua,26
politolog.net,censor.net.ua,10
politolog.net,hromadske.ua,12
politolog.net,inforesist.org,9
politolog.net,interfax.com.ua,22
politolog.net,kp.ua,5
politolog.net,lb.ua,332
politolog.net,liga.net,5
politolog.net,nv.ua,5
politolog.net,obozrevatel.com,40
politolog.net,pravda.com.ua,27
politolog.net,radiosvoboda.org,10
politolog.net,ria.ru,10
politolog.net,strana.ua,5
politolog.net,tsn.ua,13
politolog.net,ukranews.com,11
politolog.net,unian.ua,5
politolog.net,zn.ua,5
prefiks.win,apostrophe.ua,12
prefiks.win,dialog.ua,24
prefiks.win,gordonua.com,6
prefiks.win,inforesist.org,5
prefiks.win,obozrevatel.com,27
prefiks.win,radiosvoboda.org,5
prefiks.win,tsn.ua,5
prefiks.win,unian.ua,5
prefiksblog.co.ua,obozrevatel.com,10
prefiksblog.co.ua,pravda.com.ua,7
prefiksblog.co.ua,radiosvoboda.org,5
proua.com.ua,gordonua.com,9
proua.com.ua,interfax.com.ua,35
proua.com.ua,interfax.ru,5
proua.com.ua,liga.net,29
proua.com.ua,obozrevatel.com,9
proua.com.ua,politeka.net,7
proua.com.ua,pravda.com.ua,40
proua.com.ua,replyua.net,12
proua.com.ua,tass.ru,9
proua.com.ua,unn.com.ua,13
prportal.com.ua,112.ua,6
prportal.com.ua,apostrophe.ua,13
prportal.com.ua,bihus.info,9
prportal.com.ua,censor.net.ua,7
prportal.com.ua,dsnews.ua,84
prportal.com.ua,glavcom.ua,14
prportal.com.ua,hromadske.ua,8
prportal.com.ua,interfax.com.ua,10
prportal.com.ua,lb.ua,33
prportal.com.ua,liga.net,8
prportal.com.ua,nv.ua,44
prportal.com.ua,obozrevatel.com,30
prportal.com.ua,pravda.com.ua,119
prportal.com.ua,radiosvoboda.org,16
prportal.com.ua,rbc.ua,6
prportal.com.ua,replyua.net,62
prportal.com.ua,ria.ru,7
prportal.com.ua,segodnya.ua,11
prportal.com.ua,strana.ua,5
prportal.com.ua,tsn.ua,84
prportal.com.ua,ukranews.com,8
prportal.com.ua,unian.ua,11
repost.biz.ua,antikor.com.ua,11
repost.biz.ua,gordonua.com,5
repost.biz.ua,korupciya.com,7
repost.biz.ua,politeka.net,5
repost.biz.ua,pravda.com.ua,6
repost.net.ua,antikor.com.ua,27
repost.net.ua,korupciya.com,10
repost.net.ua,obozrevatel.com,6
repost.net.ua,politeka.net,9
repost.net.ua,pravda.com.ua,8
rusnext.ru,112.ua,9
rusnext.ru,alternatio.org,39
rusnext.ru,antifashist.com,77
rusnext.ru,comitet.su,13
rusnext.ru,interfax.ru,10
rusnext.ru,lenta.ru,28
rusnext.ru,news-front.info,46
rusnext.ru,politnavigator.net,114
rusnext.ru,ria.ru,367
rusnext.ru,riafan.ru,6
rusnext.ru,rian.com.ua,11
rusnext.ru,rt.com,157
rusnext.ru,strana.ua,19
rusnext.ru,tass.ru,139
rusnext.ru,ukraina.ru,115
rusnext.ru,unian.ua,7
rusvesna.su,alternatio.org,121
rusvesna.su,antifashist.com,16
rusvesna.su,gazeta.ru,23
rusvesna.su,interfax.ru,124
rusvesna.su,lenta.ru,69
rusvesna.su,lug-info.com,195
rusvesna.su,news-front.info,5
rusvesna.su,politnavigator.net,77
rusvesna.su,ria.ru,1851
rusvesna.su,rt.com,570
rusvesna.su,ukraina.ru,178
skelet-info.org,112.ua,6
skelet-info.org,24tv.ua,7
skelet-info.org,antikor.com.ua,124
skelet-info.org,bihus.info,42
skelet-info.org,censor.net.ua,10
skelet-info.org,dsnews.ua,60
skelet-info.org,facenews.ua,12
skelet-info.org,from-ua.com,8
skelet-info.org,glavcom.ua,29
skelet-info.org,hromadske.ua,5
skelet-info.org,interfax.com.ua,50
skelet-info.org,lb.ua,7
skelet-info.org,liga.net,15
skelet-info.org,nashigroshi.org,114
skelet-info.org,nv.ua,10
skelet-info.org,obozrevatel.com,14
skelet-info.org,oligarh.media,5
skelet-info.org,pravda.com.ua,66
skelet-info.org,radiosvoboda.org,22
skelet-info.org,segodnya.ua,9
skelet-info.org,slovoidilo.ua,11
skelet-info.org,strana.ua,67
skelet-info.org,tsn.ua,14
skelet-info.org,ukranews.com,34
skelet-info.org,vesti-ukr.com,67
skelet-info.org,zn.ua,12
slovech.co,bbc-ccnn,5
slovech.co,from-ua.com,20
slovech.co,korupciya.com,51
slovech.co,politeka.net,7
slovech.co,pravda.com.ua,7
slovech.co,vesti-ua.net,66
smigid.com.ua,newsone.ua,1782
taras-ua.com,antikor.com.ua,32
taras-ua.com,censor.net.ua,8
taras-ua.com,golos.ua,5
taras-ua.com,gordonua.com,6
taras-ua.com,iamir.info,6
taras-ua.com,lb.ua,7
taras-ua.com,nashigroshi.org,9
taras-ua.com,obozrevatel.com,8
taras-ua.com,pravda.com.ua,24
taras-ua.com,rbc.ua,5
taras-ua.com,skelet-info.org,13
taras-ua.com,tsn.ua,6
thekievtimes.ua,112.ua,41
thekievtimes.ua,apostrophe.ua,5
thekievtimes.ua,censor.net.ua,22
thekievtimes.ua,golos.ua,283
thekievtimes.ua,korrespondent.net,71
thekievtimes.ua,kp.ua,75
thekievtimes.ua,lb.ua,16
thekievtimes.ua,liga.net,44
thekievtimes.ua,nahnews.org,15
thekievtimes.ua,politeka.net,38
thekievtimes.ua,pravda.com.ua,12
thekievtimes.ua,radiosvoboda.org,7
thekievtimes.ua,rbc.ua,31
thekievtimes.ua,segodnya.ua,57
thekievtimes.ua,ukranews.com,7
thekievtimes.ua,unian.ua,6
thekievtimes.ua,unn.com.ua,32
times.com.ua,112.ua,8
times.com.ua,antifashist.com,6
times.com.ua,golos.ua,196
times.com.ua,newsone.ua,12
times.com.ua,politeka.net,5
times.com.ua,politnavigator.net,5
times.com.ua,pravda.com.ua,6
times.com.ua,rbc.ua,5
times.com.ua,riafan.ru,6
times.com.ua,strana.ua,16
times.com.ua,thekievtimes.ua,6
times.com.ua,uapress.info,5
times.com.ua,ukraina.ru,292
times.com.ua,unian.ua,9
trident-ua.info,interfax.com.ua,5
trident-ua.info,pravda.com.ua,5
trident-ua.info,rbc.ua,5
trident-ua.info,sprotyv.info,6
trident-ua.info,unian.ua,5
ua24ua.net,112.ua,10
ua24ua.net,24tv.ua,7
ua24ua.net,antikor.com.ua,5
ua24ua.net,apostrophe.ua,28
ua24ua.net,censor.net.ua,37
ua24ua.net,elise.com.ua,10
ua24ua.net,glavcom.ua,5
ua24ua.net,gordonua.com,22
ua24ua.net,iamir.info,8
ua24ua.net,inforesist.org,7
ua24ua.net,interfax.com.ua,24
ua24ua.net,korrespondent.net,10
ua24ua.net,lb.ua,7
ua24ua.net,liga.net,14
ua24ua.net,newsone.ua,6
ua24ua.net,nv.ua,22
ua24ua.net,obozrevatel.com,12
ua24ua.net,politeka.net,13
ua24ua.net,pravda.com.ua,83
ua24ua.net,radiosvoboda.org,10
ua24ua.net,rbc.ua,9
ua24ua.net,segodnya.ua,10
ua24ua.net,strana.ua,100
ua24ua.net,tass.ru,5
ua24ua.net,tsn.ua,7
ua24ua.net,ukranews.com,17
ua24ua.net,unian.ua,7
ua24ua.net,unn.com.ua,12
ua24ua.net,vesti-ukr.com,9
ua24ua.net,zik.ua,7
ua24ua.net,zn.ua,17
ua3.info,40ka.info,95
ua3.info,nashigroshi.org,5
ua3.info,pravda.com.ua,22
ua3.info,radiosvoboda.org,17
uatime.net,censor.net.ua,5
uatime.net,finoboz.net,13844
uatime.net,interfax.com.ua,10
uatime.net,liga.net,6
uatime.net,pravda.com.ua,13
uatime.net,segodnya.ua,5
uatime.net,ubr.ua,9
uatime.net,ukranews.com,5
uatime.net,unian.ua,8
ukraina.ru,112.ua,333
ukraina.ru,24tv.ua,15
ukraina.ru,apostrophe.ua,18
ukraina.ru,bihus.info,8
ukraina.ru,dsnews.ua,10
ukraina.ru,gazeta.ru,7
ukraina.ru,golos.ua,18
ukraina.ru,gordonua.com,28
ukraina.ru,hromadske.ua,24
ukraina.ru,interfax.com.ua,305
ukraina.ru,interfax.ru,274
ukraina.ru,korrespondent.net,125
ukraina.ru,kp.ua,16
ukraina.ru,lb.ua,70
ukraina.ru,lenta.ru,31
ukraina.ru,liga.net,31
ukraina.ru,lug-info.com,50
ukraina.ru,nahnews.org,13
ukraina.ru,news-front.info,13
ukraina.ru,newsone.ua,49
ukraina.ru,nv.ua,19
ukraina.ru,obozrevatel.com,43
ukraina.ru,politnavigator.net,22
ukraina.ru,pravda.com.ua,207
ukraina.ru,radiosvoboda.org,24
ukraina.ru,rbc.ua,50
ukraina.ru,ria.ru,1489
ukraina.ru,riafan.ru,29
ukraina.ru,rian.com.ua,51
ukraina.ru,rt.com,109
ukraina.ru,segodnya.ua,19
ukraina.ru,slovoidilo.ua,8
ukraina.ru,strana.ua,140
ukraina.ru,tsn.ua,44
ukraina.ru,ubr.ua,16
ukraina.ru,ukranews.com,161
ukraina.ru,unian.ua,115
ukraina.ru,unn.com.ua,105
ukraina.ru,vesti-ukr.com,77
ukraina.ru,zik.ua,20
ukraina.ru,zn.ua,43
ukrpress.info,24tv.ua,6
ukrpress.info,antikor.com.ua,6
ukrpress.info,gazeta.ua,5
ukrpress.info,interfax.com.ua,8
ukrpress.info,nv.ua,5
ukrpress.info,pravda.com.ua,15
ukrpress.info,radiosvoboda.org,8
ukrpress.info,ukranews.com,5
ukrpress.info,unian.ua,7
ukrpress.info,unn.com.ua,6
varota.com.ua,dialog.ua,11
varota.com.ua,obozrevatel.com,172
warfare.com.ua,24tv.ua,8
warfare.com.ua,censor.net.ua,9
warfare.com.ua,gordonua.com,19
warfare.com.ua,nv.ua,25
warfare.com.ua,pravda.com.ua,11
warfare.com.ua,rbc.ua,5
warfare.com.ua,segodnya.ua,10
warfare.com.ua,slovoidilo.ua,6
warfare.com.ua,sprotyv.info,41
warfare.com.ua,unian.ua,11
xn--j1aidcn.org,112.ua,21
xn--j1aidcn.org,24tv.ua,7
xn--j1aidcn.org,agrimpasa.com,24
xn--j1aidcn.org,antikor.com.ua,110
xn--j1aidcn.org,apostrophe.ua,93
xn--j1aidcn.org,censoru.net,9
xn--j1aidcn.org,dialog.ua,184
xn--j1aidcn.org,dsnews.ua,99
xn--j1aidcn.org,elise.com.ua,74
xn--j1aidcn.org,gazeta.ua,5
xn--j1aidcn.org,glavcom.ua,7
xn--j1aidcn.org,gordonua.com,27
xn--j1aidcn.org,hromadske.ua,8
xn--j1aidcn.org,inforesist.org,41
xn--j1aidcn.org,interfax.com.ua,16
xn--j1aidcn.org,interfax.ru,7
xn--j1aidcn.org,lb.ua,18
xn--j1aidcn.org,lenta.ru,5
xn--j1aidcn.org,liga.net,8
xn--j1aidcn.org,newsone.ua,12
xn--j1aidcn.org,obozrevatel.com,83
xn--j1aidcn.org,patrioty.org.ua,112
xn--j1aidcn.org,politeka.net,331
xn--j1aidcn.org,politnavigator.net,73
xn--j1aidcn.org,pravda.com.ua,57
xn--j1aidcn.org,radiosvoboda.org,14
xn--j1aidcn.org,rbc.ua,11
xn--j1aidcn.org,replyua.net,110
xn--j1aidcn.org,ria.ru,30
xn--j1aidcn.org,segodnya.ua,9
xn--j1aidcn.org,slovoidilo.ua,8
xn--j1aidcn.org,strana.ua,48
xn--j1aidcn.org,tass.ru,5
xn--j1aidcn.org,tsn.ua,12
xn--j1aidcn.org,uapress.info,123
xn--j1aidcn.org,ukranews.com,19
xn--j1aidcn.org,unian.ua,18
xn--j1aidcn.org,unn.com.ua,13
xn--j1aidcn.org,vesti-ua.net,10
xn--j1aidcn.org,vesti-ukr.com,113
xn--j1aidcn.org,zik.ua,24
xn--j1aidcn.org,zn.ua,16
xn--j1aidcn.org,znaj.ua,115
